{
  "sol": 838,
  "utc": "2025-10-38T12:00:00Z",
  "mars": {
    "ls": 90.94170403587445,
    "season": "Northern Summer",
    "temp_k": 236.01965001047637,
    "temp_c": -37.13034998952361,
    "pressure_pa": 737,
    "solar_wm2": 455,
    "dust_tau": 0.3,
    "wind_ms": 8.803681116467533,
    "lmst": 22.019280346930564
  },
  "events": [],
  "hazards": [
    {
      "type": "orbital_solar_variation",
      "flux_variation": 0.9236837175700439,
      "cooling_power_factor": 25,
      "heating_power_factor": 20,
      "thermal_degradation": 0.01
    },
    {
      "type": "uv_material_degradation",
      "uv_intensity": 11.084204610840526,
      "damage_threshold": 0.05,
      "seal_failure_rate": 0.1,
      "cover_degradation": 0.05,
      "brittleness_factor": 0.03
    }
  ],
  "comms": {
    "earth_delay_min": 6.427171983787688,
    "window_open": true,
    "bandwidth_kbps": 45
  },
  "terrain": {
    "regolith_hardness": 0.7335155465172707,
    "water_ice_depth_m": 2.975784906132896,
    "surface_radiation_usv": 0.8359070866224776
  },
  "frame_echo": {
    "prev_sol": 837,
    "global_dust_trend": "stable",
    "solar_efficiency_trend": "stable",
    "v14_gcm_data": {
      "seasonal_pressure": 737.9768267129549,
      "orbital_position": {
        "solar_longitude": 90.94170403587445,
        "is_perihelion_season": false,
        "distance_factor": 1.0973727446511843,
        "solar_flux_multiplier": 0.9236837175700439
      },
      "atmospheric_density": 0.016550709874595965,
      "dust_storm_active": false,
      "uv_flux_factor": 11.084204610840526
    }
  }
}