{
  "sol": 845,
  "utc": "2025-11-15T06:00:00Z",
  "mars": {
    "ls": 94.7085201793722,
    "season": "Northern Summer",
    "temp_k": 233.95924508437375,
    "temp_c": -39.19075491562623,
    "pressure_pa": 733,
    "solar_wm2": 416,
    "dust_tau": 0.3,
    "wind_ms": 2.146687258662996,
    "lmst": 0.46519888920025654
  },
  "events": [],
  "hazards": [
    {
      "type": "orbital_solar_variation",
      "flux_variation": 0.9252568094788237,
      "cooling_power_factor": 25,
      "heating_power_factor": 20,
      "thermal_degradation": 0.01
    },
    {
      "type": "uv_material_degradation",
      "uv_intensity": 11.103081713745885,
      "damage_threshold": 0.05,
      "seal_failure_rate": 0.1,
      "cover_degradation": 0.05,
      "brittleness_factor": 0.03
    }
  ],
  "comms": {
    "earth_delay_min": 14.788380958450674,
    "window_open": false,
    "bandwidth_kbps": 38
  },
  "terrain": {
    "regolith_hardness": 0.6448444331439497,
    "water_ice_depth_m": 1.1372367409055388,
    "surface_radiation_usv": 1.1615570424987314
  },
  "frame_echo": {
    "prev_sol": 844,
    "global_dust_trend": "stable",
    "solar_efficiency_trend": "stable",
    "v14_gcm_data": {
      "seasonal_pressure": 733.3209956843675,
      "orbital_position": {
        "solar_longitude": 94.7085201793722,
        "is_perihelion_season": false,
        "distance_factor": 1.095070213303883,
        "solar_flux_multiplier": 0.9252568094788237
      },
      "atmospheric_density": 0.01659113018809866,
      "dust_storm_active": false,
      "uv_flux_factor": 11.103081713745885
    }
  }
}