{
  "sol": 849,
  "utc": "2025-11-19T06:00:00Z",
  "mars": {
    "ls": 96.8609865470852,
    "season": "Northern Summer",
    "temp_k": 230.35499070852975,
    "temp_c": -42.79500929147022,
    "pressure_pa": 730,
    "solar_wm2": 490,
    "dust_tau": 0.3,
    "wind_ms": 1.1771301023219432,
    "lmst": 10.081409780203863
  },
  "events": [],
  "hazards": [
    {
      "type": "orbital_solar_variation",
      "flux_variation": 0.9262758054023689,
      "cooling_power_factor": 25,
      "heating_power_factor": 20,
      "thermal_degradation": 0.01
    },
    {
      "type": "uv_material_degradation",
      "uv_intensity": 11.115309664828427,
      "damage_threshold": 0.05,
      "seal_failure_rate": 0.1,
      "cover_degradation": 0.05,
      "brittleness_factor": 0.03
    }
  ],
  "comms": {
    "earth_delay_min": 13.804034099808165,
    "window_open": false,
    "bandwidth_kbps": 39
  },
  "terrain": {
    "regolith_hardness": 0.7271170212202892,
    "water_ice_depth_m": 2.657414622004916,
    "surface_radiation_usv": 0.9365777793354693
  },
  "frame_echo": {
    "prev_sol": 848,
    "global_dust_trend": "stable",
    "solar_efficiency_trend": "stable",
    "v14_gcm_data": {
      "seasonal_pressure": 730.7187666049126,
      "orbital_position": {
        "solar_longitude": 96.8609865470852,
        "is_perihelion_season": false,
        "distance_factor": 1.0935864232649812,
        "solar_flux_multiplier": 0.9262758054023689
      },
      "atmospheric_density": 0.016790927966501085,
      "dust_storm_active": false,
      "uv_flux_factor": 11.115309664828427
    }
  }
}