{
  "sol": 833,
  "utc": "2025-10-33T06:00:00Z",
  "mars": {
    "ls": 88.25112107623318,
    "season": "Northern Summer",
    "temp_k": 221.09276625552573,
    "temp_c": -52.057233744474246,
    "pressure_pa": 741,
    "solar_wm2": 539,
    "dust_tau": 0.3,
    "wind_ms": 9.724175739249729,
    "lmst": 15.921299430373063
  },
  "events": [],
  "hazards": [
    {
      "type": "orbital_solar_variation",
      "flux_variation": 0.9227246847017504,
      "cooling_power_factor": 25,
      "heating_power_factor": 20,
      "thermal_degradation": 0.01
    },
    {
      "type": "uv_material_degradation",
      "uv_intensity": 11.072696216421004,
      "damage_threshold": 0.05,
      "seal_failure_rate": 0.1,
      "cover_degradation": 0.05,
      "brittleness_factor": 0.03
    }
  ],
  "comms": {
    "earth_delay_min": 6.492506313287355,
    "window_open": false,
    "bandwidth_kbps": 48
  },
  "terrain": {
    "regolith_hardness": 0.6618569324417306,
    "water_ice_depth_m": 1.8167858172384337,
    "surface_radiation_usv": 0.6621603483519521
  },
  "frame_echo": {
    "prev_sol": 832,
    "global_dust_trend": "stable",
    "solar_efficiency_trend": "stable",
    "v14_gcm_data": {
      "seasonal_pressure": 741.3724520636289,
      "orbital_position": {
        "solar_longitude": 88.25112107623318,
        "is_perihelion_season": false,
        "distance_factor": 1.098783625749239,
        "solar_flux_multiplier": 0.9227246847017504
      },
      "atmospheric_density": 0.01774941215028145,
      "dust_storm_active": false,
      "uv_flux_factor": 11.072696216421004
    }
  }
}