{
  "sol": 814,
  "utc": "2025-10-14T12:00:00Z",
  "mars": {
    "ls": 78.02690582959642,
    "season": "Northern Summer",
    "temp_k": 221.32911361462496,
    "temp_c": -51.82088638537502,
    "pressure_pa": 754,
    "solar_wm2": 390,
    "dust_tau": 0.3,
    "wind_ms": 4.145762718441803,
    "lmst": 8.114053491538929
  },
  "events": [],
  "hazards": [
    {
      "type": "orbital_solar_variation",
      "flux_variation": 0.9203406838696532,
      "cooling_power_factor": 25,
      "heating_power_factor": 20,
      "thermal_degradation": 0.01
    },
    {
      "type": "uv_material_degradation",
      "uv_intensity": 11.044088206435838,
      "damage_threshold": 0.05,
      "seal_failure_rate": 0.1,
      "cover_degradation": 0.05,
      "brittleness_factor": 0.03
    },
    {
      "type": "atmospheric_density_effects",
      "density_factor": 1.203225236933468,
      "contamination_rate": 0.008,
      "cooling_efficiency_loss": 0.02
    }
  ],
  "comms": {
    "earth_delay_min": 15.766174369144666,
    "window_open": true,
    "bandwidth_kbps": 30
  },
  "terrain": {
    "regolith_hardness": 0.6014381677970186,
    "water_ice_depth_m": 2.415681893096908,
    "surface_radiation_usv": 0.35298639018869105
  },
  "frame_echo": {
    "prev_sol": 813,
    "global_dust_trend": "stable",
    "solar_efficiency_trend": "stable",
    "v14_gcm_data": {
      "seasonal_pressure": 754.6658070745683,
      "orbital_position": {
        "solar_longitude": 78.02690582959642,
        "is_perihelion_season": true,
        "distance_factor": 1.1023145623514676,
        "solar_flux_multiplier": 0.9203406838696532
      },
      "atmospheric_density": 0.018048378554002018,
      "dust_storm_active": false,
      "uv_flux_factor": 11.044088206435838
    }
  }
}