{
  "sol": 819,
  "utc": "2025-10-19T18:00:00Z",
  "mars": {
    "ls": 80.71748878923768,
    "season": "Northern Summer",
    "temp_k": 240.87233156583656,
    "temp_c": -32.27766843416342,
    "pressure_pa": 751,
    "solar_wm2": 420,
    "dust_tau": 0.3,
    "wind_ms": 10.752281050402276,
    "lmst": 17.532127617971184
  },
  "events": [],
  "hazards": [
    {
      "type": "orbital_solar_variation",
      "flux_variation": 0.9207739082308827,
      "cooling_power_factor": 25,
      "heating_power_factor": 20,
      "thermal_degradation": 0.01
    },
    {
      "type": "uv_material_degradation",
      "uv_intensity": 11.049286898770593,
      "damage_threshold": 0.05,
      "seal_failure_rate": 0.1,
      "cover_degradation": 0.05,
      "brittleness_factor": 0.03
    }
  ],
  "comms": {
    "earth_delay_min": 19.667230569685742,
    "window_open": false,
    "bandwidth_kbps": 47
  },
  "terrain": {
    "regolith_hardness": 0.6309593650548129,
    "water_ice_depth_m": 1.5934156509891284,
    "surface_radiation_usv": 1.171838428472243
  },
  "frame_echo": {
    "prev_sol": 818,
    "global_dust_trend": "stable",
    "solar_efficiency_trend": "stable",
    "v14_gcm_data": {
      "seasonal_pressure": 751.1213043190041,
      "orbital_position": {
        "solar_longitude": 80.71748878923768,
        "is_perihelion_season": false,
        "distance_factor": 1.101670383932733,
        "solar_flux_multiplier": 0.9207739082308827
      },
      "atmospheric_density": 0.016506128691924072,
      "dust_storm_active": false,
      "uv_flux_factor": 11.049286898770593
    }
  }
}