{
  "sol": 848,
  "utc": "2025-11-18T00:00:00Z",
  "mars": {
    "ls": 96.32286995515695,
    "season": "Northern Summer",
    "temp_k": 206.93005259120147,
    "temp_c": -66.2199474087985,
    "pressure_pa": 731,
    "solar_wm2": 486,
    "dust_tau": 0.3,
    "wind_ms": 2.4266182762436714,
    "lmst": 18.539541238829376
  },
  "events": [],
  "hazards": [
    {
      "type": "orbital_solar_variation",
      "flux_variation": 0.9260128984986049,
      "cooling_power_factor": 25,
      "heating_power_factor": 20,
      "thermal_degradation": 0.01
    },
    {
      "type": "uv_material_degradation",
      "uv_intensity": 11.112154781983259,
      "damage_threshold": 0.05,
      "seal_failure_rate": 0.1,
      "cover_degradation": 0.05,
      "brittleness_factor": 0.03
    },
    {
      "type": "atmospheric_density_effects",
      "density_factor": 1.247215347796364,
      "contamination_rate": 0.008,
      "cooling_efficiency_loss": 0.02
    }
  ],
  "comms": {
    "earth_delay_min": 21.005864781775927,
    "window_open": false,
    "bandwidth_kbps": 23
  },
  "terrain": {
    "regolith_hardness": 0.7592454433200424,
    "water_ice_depth_m": 2.1318651107346316,
    "surface_radiation_usv": 0.3369622171855225
  },
  "frame_echo": {
    "prev_sol": 847,
    "global_dust_trend": "stable",
    "solar_efficiency_trend": "stable",
    "v14_gcm_data": {
      "seasonal_pressure": 731.365063241662,
      "orbital_position": {
        "solar_longitude": 96.32286995515695,
        "is_perihelion_season": false,
        "distance_factor": 1.0939686723613602,
        "solar_flux_multiplier": 0.9260128984986049
      },
      "atmospheric_density": 0.018708230216945457,
      "dust_storm_active": false,
      "uv_flux_factor": 11.112154781983259
    }
  }
}