{
  "sol": 850,
  "utc": "2025-11-20T12:00:00Z",
  "mars": {
    "ls": 97.39910313901346,
    "season": "Northern Summer",
    "temp_k": 233.24997426192863,
    "temp_c": -39.90002573807135,
    "pressure_pa": 730,
    "solar_wm2": 420,
    "dust_tau": 0.3,
    "wind_ms": 12.314789063294583,
    "lmst": 12.916149754758138
  },
  "events": [],
  "hazards": [
    {
      "type": "orbital_solar_variation",
      "flux_variation": 0.9265441400928643,
      "cooling_power_factor": 25,
      "heating_power_factor": 20,
      "thermal_degradation": 0.01
    },
    {
      "type": "uv_material_degradation",
      "uv_intensity": 11.118529681114373,
      "damage_threshold": 0.05,
      "seal_failure_rate": 0.1,
      "cover_degradation": 0.05,
      "brittleness_factor": 0.03
    }
  ],
  "comms": {
    "earth_delay_min": 13.669950077663923,
    "window_open": false,
    "bandwidth_kbps": 62
  },
  "terrain": {
    "regolith_hardness": 0.7184949238127404,
    "water_ice_depth_m": 1.6446091659622364,
    "surface_radiation_usv": 0.5209456521843218
  },
  "frame_echo": {
    "prev_sol": 849,
    "global_dust_trend": "stable",
    "solar_efficiency_trend": "stable",
    "v14_gcm_data": {
      "seasonal_pressure": 730.0754056144158,
      "orbital_position": {
        "solar_longitude": 97.39910313901346,
        "is_perihelion_season": false,
        "distance_factor": 1.0931966954200416,
        "solar_flux_multiplier": 0.9265441400928643
      },
      "atmospheric_density": 0.0165679271779842,
      "dust_storm_active": false,
      "uv_flux_factor": 11.118529681114373
    }
  }
}