{
  "sol": 807,
  "utc": "2025-09-37T18:00:00Z",
  "mars": {
    "ls": 74.26008968609865,
    "season": "Northern Summer",
    "temp_k": 212.2388320008339,
    "temp_c": -60.91116799916608,
    "pressure_pa": 759,
    "solar_wm2": 529,
    "dust_tau": 0.3,
    "wind_ms": 5.405490331178691,
    "lmst": 15.730527967077121
  },
  "events": [],
  "hazards": [
    {
      "type": "orbital_solar_variation",
      "flux_variation": 0.9199678838253895,
      "cooling_power_factor": 25,
      "heating_power_factor": 20,
      "thermal_degradation": 0.01
    },
    {
      "type": "uv_material_degradation",
      "uv_intensity": 11.039614605904674,
      "damage_threshold": 0.05,
      "seal_failure_rate": 0.1,
      "cover_degradation": 0.05,
      "brittleness_factor": 0.03
    },
    {
      "type": "atmospheric_density_effects",
      "density_factor": 1.263065129773702,
      "contamination_rate": 0.008,
      "cooling_efficiency_loss": 0.02
    }
  ],
  "comms": {
    "earth_delay_min": 11.912638021213285,
    "window_open": false,
    "bandwidth_kbps": 45
  },
  "terrain": {
    "regolith_hardness": 0.6285743180884125,
    "water_ice_depth_m": 1.2792606390510126,
    "surface_radiation_usv": 0.970490083882446
  },
  "frame_echo": {
    "prev_sol": 806,
    "global_dust_trend": "stable",
    "solar_efficiency_trend": "stable",
    "v14_gcm_data": {
      "seasonal_pressure": 759.6609256901103,
      "orbital_position": {
        "solar_longitude": 74.26008968609865,
        "is_perihelion_season": true,
        "distance_factor": 1.102869798988938,
        "solar_flux_multiplier": 0.9199678838253895
      },
      "atmospheric_density": 0.018945976946605526,
      "dust_storm_active": false,
      "uv_flux_factor": 11.039614605904674
    }
  }
}