{
  "sol": 832,
  "utc": "2025-10-32T00:00:00Z",
  "mars": {
    "ls": 87.71300448430493,
    "season": "Northern Summer",
    "temp_k": 224.2951633663699,
    "temp_c": -48.85483663363007,
    "pressure_pa": 742,
    "solar_wm2": 475,
    "dust_tau": 0.3,
    "wind_ms": 4.566115085940147,
    "lmst": 17.010846812020095
  },
  "events": [],
  "hazards": [
    {
      "type": "orbital_solar_variation",
      "flux_variation": 0.9225493986393847,
      "cooling_power_factor": 25,
      "heating_power_factor": 20,
      "thermal_degradation": 0.01
    },
    {
      "type": "uv_material_degradation",
      "uv_intensity": 11.070592783672616,
      "damage_threshold": 0.05,
      "seal_failure_rate": 0.1,
      "cover_degradation": 0.05,
      "brittleness_factor": 0.03
    }
  ],
  "comms": {
    "earth_delay_min": 4.03382556437259,
    "window_open": false,
    "bandwidth_kbps": 50
  },
  "terrain": {
    "regolith_hardness": 0.7373714293829053,
    "water_ice_depth_m": 2.8805262407951067,
    "surface_radiation_usv": 0.9633339241412702
  },
  "frame_echo": {
    "prev_sol": 831,
    "global_dust_trend": "stable",
    "solar_efficiency_trend": "stable",
    "v14_gcm_data": {
      "seasonal_pressure": 742.0578054333319,
      "orbital_position": {
        "solar_longitude": 87.71300448430493,
        "is_perihelion_season": false,
        "distance_factor": 1.0990420865147532,
        "solar_flux_multiplier": 0.9225493986393847
      },
      "atmospheric_density": 0.017512167077617703,
      "dust_storm_active": false,
      "uv_flux_factor": 11.070592783672616
    }
  }
}