{
  "sol": 842,
  "utc": "2025-11-12T12:00:00Z",
  "mars": {
    "ls": 93.09417040358744,
    "season": "Northern Summer",
    "temp_k": 239.0945138616198,
    "temp_c": -34.05548613838019,
    "pressure_pa": 735,
    "solar_wm2": 458,
    "dust_tau": 0.3,
    "wind_ms": 14.198383204077356,
    "lmst": 7.1667036569372025
  },
  "events": [],
  "hazards": [
    {
      "type": "orbital_solar_variation",
      "flux_variation": 0.9245497967537887,
      "cooling_power_factor": 25,
      "heating_power_factor": 20,
      "thermal_degradation": 0.01
    },
    {
      "type": "uv_material_degradation",
      "uv_intensity": 11.094597561045465,
      "damage_threshold": 0.05,
      "seal_failure_rate": 0.1,
      "cover_degradation": 0.05,
      "brittleness_factor": 0.03
    }
  ],
  "comms": {
    "earth_delay_min": 11.799732961274376,
    "window_open": false,
    "bandwidth_kbps": 42
  },
  "terrain": {
    "regolith_hardness": 0.7076441135220464,
    "water_ice_depth_m": 2.4692681215127155,
    "surface_radiation_usv": 1.019881353847141
  },
  "frame_echo": {
    "prev_sol": 841,
    "global_dust_trend": "stable",
    "solar_efficiency_trend": "stable",
    "v14_gcm_data": {
      "seasonal_pressure": 735.3012816918111,
      "orbital_position": {
        "solar_longitude": 93.09417040358744,
        "is_perihelion_season": false,
        "distance_factor": 1.096103271607227,
        "solar_flux_multiplier": 0.9245497967537887
      },
      "atmospheric_density": 0.01627862710720655,
      "dust_storm_active": false,
      "uv_flux_factor": 11.094597561045465
    }
  }
}