{
  "sol": 821,
  "utc": "2025-10-21T06:00:00Z",
  "mars": {
    "ls": 81.79372197309416,
    "season": "Northern Summer",
    "temp_k": 213.2229472406555,
    "temp_c": -59.92705275934449,
    "pressure_pa": 749,
    "solar_wm2": 532,
    "dust_tau": 0.3,
    "wind_ms": 4.447014869040748,
    "lmst": 14.26845968480259
  },
  "events": [],
  "hazards": [
    {
      "type": "orbital_solar_variation",
      "flux_variation": 0.9209860960412165,
      "cooling_power_factor": 25,
      "heating_power_factor": 20,
      "thermal_degradation": 0.01
    },
    {
      "type": "uv_material_degradation",
      "uv_intensity": 11.051833152494599,
      "damage_threshold": 0.05,
      "seal_failure_rate": 0.1,
      "cover_degradation": 0.05,
      "brittleness_factor": 0.03
    },
    {
      "type": "atmospheric_density_effects",
      "density_factor": 1.2407684890896722,
      "contamination_rate": 0.008,
      "cooling_efficiency_loss": 0.02
    }
  ],
  "comms": {
    "earth_delay_min": 16.38763020664206,
    "window_open": false,
    "bandwidth_kbps": 53
  },
  "terrain": {
    "regolith_hardness": 0.7130453847688178,
    "water_ice_depth_m": 1.6327396919534543,
    "surface_radiation_usv": 0.5346891260432696
  },
  "frame_echo": {
    "prev_sol": 820,
    "global_dust_trend": "stable",
    "solar_efficiency_trend": "stable",
    "v14_gcm_data": {
      "seasonal_pressure": 749.7110180598397,
      "orbital_position": {
        "solar_longitude": 81.79372197309416,
        "is_perihelion_season": false,
        "distance_factor": 1.101355285248709,
        "solar_flux_multiplier": 0.9209860960412165
      },
      "atmospheric_density": 0.018611527336345083,
      "dust_storm_active": false,
      "uv_flux_factor": 11.051833152494599
    }
  }
}