{
  "sol": 815,
  "utc": "2025-10-15T18:00:00Z",
  "mars": {
    "ls": 78.56502242152466,
    "season": "Northern Summer",
    "temp_k": 205.06276143309373,
    "temp_c": -68.08723856690625,
    "pressure_pa": 753,
    "solar_wm2": 462,
    "dust_tau": 0.3,
    "wind_ms": 4.898681695503658,
    "lmst": 11.649947979611778
  },
  "events": [],
  "hazards": [
    {
      "type": "orbital_solar_variation",
      "flux_variation": 0.9204162073982005,
      "cooling_power_factor": 25,
      "heating_power_factor": 20,
      "thermal_degradation": 0.01
    },
    {
      "type": "uv_material_degradation",
      "uv_intensity": 11.044994488778407,
      "damage_threshold": 0.05,
      "seal_failure_rate": 0.1,
      "cover_degradation": 0.05,
      "brittleness_factor": 0.03
    },
    {
      "type": "atmospheric_density_effects",
      "density_factor": 1.2974464247704247,
      "contamination_rate": 0.008,
      "cooling_efficiency_loss": 0.02
    }
  ],
  "comms": {
    "earth_delay_min": 14.784678627895092,
    "window_open": false,
    "bandwidth_kbps": 52
  },
  "terrain": {
    "regolith_hardness": 0.71524232994418,
    "water_ice_depth_m": 1.485994484791449,
    "surface_radiation_usv": 0.7256756486501343
  },
  "frame_echo": {
    "prev_sol": 814,
    "global_dust_trend": "stable",
    "solar_efficiency_trend": "stable",
    "v14_gcm_data": {
      "seasonal_pressure": 753.9550092873825,
      "orbital_position": {
        "solar_longitude": 78.56502242152466,
        "is_perihelion_season": true,
        "distance_factor": 1.1022021821052097,
        "solar_flux_multiplier": 0.9204162073982005
      },
      "atmospheric_density": 0.01946169637155637,
      "dust_storm_active": false,
      "uv_flux_factor": 11.044994488778407
    }
  }
}