{
  "sol": 820,
  "utc": "2025-10-20T00:00:00Z",
  "mars": {
    "ls": 81.25560538116592,
    "season": "Northern Summer",
    "temp_k": 225.5009664413612,
    "temp_c": -47.64903355863879,
    "pressure_pa": 750,
    "solar_wm2": 378,
    "dust_tau": 0.3,
    "wind_ms": 9.178486322425597,
    "lmst": 12.068409190068326
  },
  "events": [],
  "hazards": [
    {
      "type": "orbital_solar_variation",
      "flux_variation": 0.920877225759348,
      "cooling_power_factor": 25,
      "heating_power_factor": 20,
      "thermal_degradation": 0.01
    },
    {
      "type": "uv_material_degradation",
      "uv_intensity": 11.050526709112177,
      "damage_threshold": 0.05,
      "seal_failure_rate": 0.1,
      "cover_degradation": 0.05,
      "brittleness_factor": 0.03
    }
  ],
  "comms": {
    "earth_delay_min": 21.054397840965706,
    "window_open": true,
    "bandwidth_kbps": 48
  },
  "terrain": {
    "regolith_hardness": 0.6160222930481174,
    "water_ice_depth_m": 1.3716499219614464,
    "surface_radiation_usv": 0.8355315958050249
  },
  "frame_echo": {
    "prev_sol": 819,
    "global_dust_trend": "stable",
    "solar_efficiency_trend": "stable",
    "v14_gcm_data": {
      "seasonal_pressure": 750.4155620664291,
      "orbital_position": {
        "solar_longitude": 81.25560538116592,
        "is_perihelion_season": false,
        "distance_factor": 1.101516923728841,
        "solar_flux_multiplier": 0.920877225759348
      },
      "atmospheric_density": 0.017614709589083483,
      "dust_storm_active": false,
      "uv_flux_factor": 11.050526709112177
    }
  }
}