{
  "sol": 840,
  "utc": "2025-11-10T00:00:00Z",
  "mars": {
    "ls": 92.01793721973095,
    "season": "Northern Summer",
    "temp_k": 214.95404106498822,
    "temp_c": -58.19595893501176,
    "pressure_pa": 736,
    "solar_wm2": 459,
    "dust_tau": 0.3,
    "wind_ms": 4.3494420934048605,
    "lmst": 10.556942238357664
  },
  "events": [],
  "hazards": [
    {
      "type": "orbital_solar_variation",
      "flux_variation": 0.9241057959839077,
      "cooling_power_factor": 25,
      "heating_power_factor": 20,
      "thermal_degradation": 0.01
    },
    {
      "type": "uv_material_degradation",
      "uv_intensity": 11.089269551806893,
      "damage_threshold": 0.05,
      "seal_failure_rate": 0.1,
      "cover_degradation": 0.05,
      "brittleness_factor": 0.03
    },
    {
      "type": "atmospheric_density_effects",
      "density_factor": 1.2093084395214408,
      "contamination_rate": 0.008,
      "cooling_efficiency_loss": 0.02
    }
  ],
  "comms": {
    "earth_delay_min": 18.27089725222113,
    "window_open": true,
    "bandwidth_kbps": 37
  },
  "terrain": {
    "regolith_hardness": 0.6639419136837524,
    "water_ice_depth_m": 2.080304445036913,
    "surface_radiation_usv": 0.4245366553645401
  },
  "frame_echo": {
    "prev_sol": 839,
    "global_dust_trend": "stable",
    "solar_efficiency_trend": "stable",
    "v14_gcm_data": {
      "seasonal_pressure": 736.6342265893167,
      "orbital_position": {
        "solar_longitude": 92.01793721973095,
        "is_perihelion_season": false,
        "distance_factor": 1.0967535240066937,
        "solar_flux_multiplier": 0.9241057959839077
      },
      "atmospheric_density": 0.018139626592821614,
      "dust_storm_active": false,
      "uv_flux_factor": 11.089269551806893
    }
  }
}