{
  "sol": 841,
  "utc": "2025-11-11T06:00:00Z",
  "mars": {
    "ls": 92.55605381165918,
    "season": "Northern Summer",
    "temp_k": 231.6228683716154,
    "temp_c": -41.52713162838458,
    "pressure_pa": 735,
    "solar_wm2": 381,
    "dust_tau": 0.3,
    "wind_ms": 6.7063911753322145,
    "lmst": 13.022667372093968
  },
  "events": [],
  "hazards": [
    {
      "type": "orbital_solar_variation",
      "flux_variation": 0.9243250586435541,
      "cooling_power_factor": 25,
      "heating_power_factor": 20,
      "thermal_degradation": 0.01
    },
    {
      "type": "uv_material_degradation",
      "uv_intensity": 11.091900703722649,
      "damage_threshold": 0.05,
      "seal_failure_rate": 0.1,
      "cover_degradation": 0.05,
      "brittleness_factor": 0.03
    }
  ],
  "comms": {
    "earth_delay_min": 12.315484682063119,
    "window_open": true,
    "bandwidth_kbps": 42
  },
  "terrain": {
    "regolith_hardness": 0.6778953625333882,
    "water_ice_depth_m": 2.5395915446293262,
    "surface_radiation_usv": 1.1514558302310904
  },
  "frame_echo": {
    "prev_sol": 840,
    "global_dust_trend": "stable",
    "solar_efficiency_trend": "stable",
    "v14_gcm_data": {
      "seasonal_pressure": 735.9665177623009,
      "orbital_position": {
        "solar_longitude": 92.55605381165918,
        "is_perihelion_season": false,
        "distance_factor": 1.0964322626930831,
        "solar_flux_multiplier": 0.9243250586435541
      },
      "atmospheric_density": 0.016818942447126096,
      "dust_storm_active": false,
      "uv_flux_factor": 11.091900703722649
    }
  }
}