{
  "sol": 825,
  "utc": "2025-10-25T06:00:00Z",
  "mars": {
    "ls": 83.94618834080718,
    "season": "Northern Summer",
    "temp_k": 217.5373673617374,
    "temp_c": -55.61263263826257,
    "pressure_pa": 746,
    "solar_wm2": 525,
    "dust_tau": 0.3,
    "wind_ms": 8.075726813371821,
    "lmst": 6.026910049677459
  },
  "events": [],
  "hazards": [
    {
      "type": "orbital_solar_variation",
      "flux_variation": 0.9214770566671391,
      "cooling_power_factor": 25,
      "heating_power_factor": 20,
      "thermal_degradation": 0.01
    },
    {
      "type": "uv_material_degradation",
      "uv_intensity": 11.05772468000567,
      "damage_threshold": 0.05,
      "seal_failure_rate": 0.1,
      "cover_degradation": 0.05,
      "brittleness_factor": 0.03
    },
    {
      "type": "atmospheric_density_effects",
      "density_factor": 1.211610203482503,
      "contamination_rate": 0.008,
      "cooling_efficiency_loss": 0.02
    }
  ],
  "comms": {
    "earth_delay_min": 22.16318092437144,
    "window_open": true,
    "bandwidth_kbps": 56
  },
  "terrain": {
    "regolith_hardness": 0.6847151545127452,
    "water_ice_depth_m": 1.5533604479445033,
    "surface_radiation_usv": 0.30319112017900407
  },
  "frame_echo": {
    "prev_sol": 824,
    "global_dust_trend": "stable",
    "solar_efficiency_trend": "stable",
    "v14_gcm_data": {
      "seasonal_pressure": 746.9060657107433,
      "orbital_position": {
        "solar_longitude": 83.94618834080718,
        "is_perihelion_season": false,
        "distance_factor": 1.1006272445134084,
        "solar_flux_multiplier": 0.9214770566671391
      },
      "atmospheric_density": 0.018174153052237543,
      "dust_storm_active": false,
      "uv_flux_factor": 11.05772468000567
    }
  }
}