{
  "sol": 837,
  "utc": "2025-10-37T06:00:00Z",
  "mars": {
    "ls": 90.4035874439462,
    "season": "Northern Summer",
    "temp_k": 239.2976900373166,
    "temp_c": -33.852309962683364,
    "pressure_pa": 738,
    "solar_wm2": 502,
    "dust_tau": 0.3,
    "wind_ms": 6.375698543498519,
    "lmst": 9.591668709036904
  },
  "events": [],
  "hazards": [
    {
      "type": "orbital_solar_variation",
      "flux_variation": 0.9234809116851584,
      "cooling_power_factor": 25,
      "heating_power_factor": 20,
      "thermal_degradation": 0.01
    },
    {
      "type": "uv_material_degradation",
      "uv_intensity": 11.081770940221901,
      "damage_threshold": 0.05,
      "seal_failure_rate": 0.1,
      "cover_degradation": 0.05,
      "brittleness_factor": 0.03
    }
  ],
  "comms": {
    "earth_delay_min": 6.951426901825965,
    "window_open": false,
    "bandwidth_kbps": 64
  },
  "terrain": {
    "regolith_hardness": 0.7720881130845043,
    "water_ice_depth_m": 2.770930411019732,
    "surface_radiation_usv": 1.0005783660905925
  },
  "frame_echo": {
    "prev_sol": 836,
    "global_dust_trend": "stable",
    "solar_efficiency_trend": "stable",
    "v14_gcm_data": {
      "seasonal_pressure": 738.6515995825054,
      "orbital_position": {
        "solar_longitude": 90.4035874439462,
        "is_perihelion_season": false,
        "distance_factor": 1.097670649362311,
        "solar_flux_multiplier": 0.9234809116851584
      },
      "atmospheric_density": 0.0163389144712907,
      "dust_storm_active": false,
      "uv_flux_factor": 11.081770940221901
    }
  }
}