{
  "sol": 816,
  "utc": "2025-10-16T00:00:00Z",
  "mars": {
    "ls": 79.10313901345292,
    "season": "Northern Summer",
    "temp_k": 207.5804912599016,
    "temp_c": -65.56950874009837,
    "pressure_pa": 753,
    "solar_wm2": 433,
    "dust_tau": 0.3,
    "wind_ms": 6.755431864696332,
    "lmst": 20.732081960870477
  },
  "events": [],
  "hazards": [
    {
      "type": "orbital_solar_variation",
      "flux_variation": 0.9204972933484218,
      "cooling_power_factor": 25,
      "heating_power_factor": 20,
      "thermal_degradation": 0.01
    },
    {
      "type": "uv_material_degradation",
      "uv_intensity": 11.045967520181062,
      "damage_threshold": 0.05,
      "seal_failure_rate": 0.1,
      "cover_degradation": 0.05,
      "brittleness_factor": 0.03
    },
    {
      "type": "atmospheric_density_effects",
      "density_factor": 1.2805029472479457,
      "contamination_rate": 0.008,
      "cooling_efficiency_loss": 0.02
    }
  ],
  "comms": {
    "earth_delay_min": 5.08342374464341,
    "window_open": false,
    "bandwidth_kbps": 57
  },
  "terrain": {
    "regolith_hardness": 0.6196835742303918,
    "water_ice_depth_m": 1.8052425642045375,
    "surface_radiation_usv": 0.6053723448554669
  },
  "frame_echo": {
    "prev_sol": 815,
    "global_dust_trend": "stable",
    "solar_efficiency_trend": "stable",
    "v14_gcm_data": {
      "seasonal_pressure": 753.2450975412576,
      "orbital_position": {
        "solar_longitude": 79.10313901345292,
        "is_perihelion_season": true,
        "distance_factor": 1.1020815631379515,
        "solar_flux_multiplier": 0.9204972933484218
      },
      "atmospheric_density": 0.019207544208719184,
      "dust_storm_active": false,
      "uv_flux_factor": 11.045967520181062
    }
  }
}