{
  "sol": 824,
  "utc": "2025-10-24T00:00:00Z",
  "mars": {
    "ls": 83.40807174887892,
    "season": "Northern Summer",
    "temp_k": 204.13311428173253,
    "temp_c": -69.01688571826745,
    "pressure_pa": 747,
    "solar_wm2": 423,
    "dust_tau": 0.3,
    "wind_ms": 10.287442009525083,
    "lmst": 22.534320094250493
  },
  "events": [],
  "hazards": [
    {
      "type": "orbital_solar_variation",
      "flux_variation": 0.9213459997097474,
      "cooling_power_factor": 25,
      "heating_power_factor": 20,
      "thermal_degradation": 0.01
    },
    {
      "type": "uv_material_degradation",
      "uv_intensity": 11.056151996516968,
      "damage_threshold": 0.05,
      "seal_failure_rate": 0.1,
      "cover_degradation": 0.05,
      "brittleness_factor": 0.03
    },
    {
      "type": "atmospheric_density_effects",
      "density_factor": 1.292378290707128,
      "contamination_rate": 0.008,
      "cooling_efficiency_loss": 0.02
    }
  ],
  "comms": {
    "earth_delay_min": 6.685822287867355,
    "window_open": true,
    "bandwidth_kbps": 22
  },
  "terrain": {
    "regolith_hardness": 0.7484833367961998,
    "water_ice_depth_m": 1.310895819549981,
    "surface_radiation_usv": 0.5535806443121047
  },
  "frame_echo": {
    "prev_sol": 823,
    "global_dust_trend": "stable",
    "solar_efficiency_trend": "stable",
    "v14_gcm_data": {
      "seasonal_pressure": 747.6051964135656,
      "orbital_position": {
        "solar_longitude": 83.40807174887892,
        "is_perihelion_season": false,
        "distance_factor": 1.1008214463270463,
        "solar_flux_multiplier": 0.9213459997097474
      },
      "atmospheric_density": 0.019385674360606918,
      "dust_storm_active": false,
      "uv_flux_factor": 11.056151996516968
    }
  }
}