{
  "sol": 812,
  "utc": "2025-10-12T00:00:00Z",
  "mars": {
    "ls": 76.9506726457399,
    "season": "Northern Summer",
    "temp_k": 243.21595011125902,
    "temp_c": -29.934049888740958,
    "pressure_pa": 756,
    "solar_wm2": 412,
    "dust_tau": 0.3,
    "wind_ms": 4.372202294261264,
    "lmst": 13.61656664853384
  },
  "events": [],
  "hazards": [
    {
      "type": "orbital_solar_variation",
      "flux_variation": 0.9202063302337696,
      "cooling_power_factor": 25,
      "heating_power_factor": 20,
      "thermal_degradation": 0.01
    },
    {
      "type": "uv_material_degradation",
      "uv_intensity": 11.042475962805236,
      "damage_threshold": 0.05,
      "seal_failure_rate": 0.1,
      "cover_degradation": 0.05,
      "brittleness_factor": 0.03
    }
  ],
  "comms": {
    "earth_delay_min": 5.575140965827321,
    "window_open": false,
    "bandwidth_kbps": 20
  },
  "terrain": {
    "regolith_hardness": 0.7955968987354669,
    "water_ice_depth_m": 2.0654123390590313,
    "surface_radiation_usv": 0.4131844603683972
  },
  "frame_echo": {
    "prev_sol": 811,
    "global_dust_trend": "stable",
    "solar_efficiency_trend": "stable",
    "v14_gcm_data": {
      "seasonal_pressure": 756.0898099094098,
      "orbital_position": {
        "solar_longitude": 76.9506726457399,
        "is_perihelion_season": true,
        "distance_factor": 1.102514567757558,
        "solar_flux_multiplier": 0.9202063302337696
      },
      "atmospheric_density": 0.016455208726066307,
      "dust_storm_active": false,
      "uv_flux_factor": 11.042475962805236
    }
  }
}