{
  "sol": 831,
  "utc": "2025-10-31T18:00:00Z",
  "mars": {
    "ls": 87.17488789237669,
    "season": "Northern Summer",
    "temp_k": 217.08168916270992,
    "temp_c": -56.068310837290056,
    "pressure_pa": 742,
    "solar_wm2": 530,
    "dust_tau": 0.3,
    "wind_ms": 4.657012749462942,
    "lmst": 13.934153609728988
  },
  "events": [],
  "hazards": [
    {
      "type": "orbital_solar_variation",
      "flux_variation": 0.9223796289422429,
      "cooling_power_factor": 25,
      "heating_power_factor": 20,
      "thermal_degradation": 0.01
    },
    {
      "type": "uv_material_degradation",
      "uv_intensity": 11.068555547306914,
      "damage_threshold": 0.05,
      "seal_failure_rate": 0.1,
      "cover_degradation": 0.05,
      "brittleness_factor": 0.03
    },
    {
      "type": "atmospheric_density_effects",
      "density_factor": 1.2073895252566869,
      "contamination_rate": 0.008,
      "cooling_efficiency_loss": 0.02
    }
  ],
  "comms": {
    "earth_delay_min": 23.67101145766174,
    "window_open": true,
    "bandwidth_kbps": 54
  },
  "terrain": {
    "regolith_hardness": 0.6869127517129289,
    "water_ice_depth_m": 2.4570901213054084,
    "surface_radiation_usv": 0.582309582775492
  },
  "frame_echo": {
    "prev_sol": 830,
    "global_dust_trend": "stable",
    "solar_efficiency_trend": "stable",
    "v14_gcm_data": {
      "seasonal_pressure": 742.745094263794,
      "orbital_position": {
        "solar_longitude": 87.17488789237669,
        "is_perihelion_season": false,
        "distance_factor": 1.0992925873026256,
        "solar_flux_multiplier": 0.9223796289422429
      },
      "atmospheric_density": 0.018110842878850304,
      "dust_storm_active": false,
      "uv_flux_factor": 11.068555547306914
    }
  }
}