{
  "sol": 829,
  "utc": "2025-10-29T06:00:00Z",
  "mars": {
    "ls": 86.09865470852017,
    "season": "Northern Summer",
    "temp_k": 241.06348524677028,
    "temp_c": -32.08651475322969,
    "pressure_pa": 744,
    "solar_wm2": 528,
    "dust_tau": 0.3,
    "wind_ms": 12.350490432041445,
    "lmst": 6.403337030267329
  },
  "events": [],
  "hazards": [
    {
      "type": "orbital_solar_variation",
      "flux_variation": 0.9220566536558181,
      "cooling_power_factor": 25,
      "heating_power_factor": 20,
      "thermal_degradation": 0.01
    },
    {
      "type": "uv_material_degradation",
      "uv_intensity": 11.064679843869818,
      "damage_threshold": 0.05,
      "seal_failure_rate": 0.1,
      "cover_degradation": 0.05,
      "brittleness_factor": 0.03
    }
  ],
  "comms": {
    "earth_delay_min": 19.747490182709424,
    "window_open": true,
    "bandwidth_kbps": 18
  },
  "terrain": {
    "regolith_hardness": 0.7717186502675564,
    "water_ice_depth_m": 1.4448674350913289,
    "surface_radiation_usv": 1.034927945037236
  },
  "frame_echo": {
    "prev_sol": 828,
    "global_dust_trend": "stable",
    "solar_efficiency_trend": "stable",
    "v14_gcm_data": {
      "seasonal_pressure": 744.1252356461761,
      "orbital_position": {
        "solar_longitude": 86.09865470852017,
        "is_perihelion_season": false,
        "distance_factor": 1.0997696212655736,
        "solar_flux_multiplier": 0.9220566536558181
      },
      "atmospheric_density": 0.016339421077689067,
      "dust_storm_active": false,
      "uv_flux_factor": 11.064679843869818
    }
  }
}