{
  "sol": 834,
  "utc": "2025-10-34T12:00:00Z",
  "mars": {
    "ls": 88.78923766816143,
    "season": "Northern Summer",
    "temp_k": 208.93509421028838,
    "temp_c": -64.2149057897116,
    "pressure_pa": 740,
    "solar_wm2": 542,
    "dust_tau": 0.3,
    "wind_ms": 10.48245123381826,
    "lmst": 21.667333097581984
  },
  "events": [],
  "hazards": [
    {
      "type": "orbital_solar_variation",
      "flux_variation": 0.9229054831948178,
      "cooling_power_factor": 25,
      "heating_power_factor": 20,
      "thermal_degradation": 0.01
    },
    {
      "type": "uv_material_degradation",
      "uv_intensity": 11.074865798337814,
      "damage_threshold": 0.05,
      "seal_failure_rate": 0.1,
      "cover_degradation": 0.05,
      "brittleness_factor": 0.03
    },
    {
      "type": "atmospheric_density_effects",
      "density_factor": 1.2509943873682152,
      "contamination_rate": 0.008,
      "cooling_efficiency_loss": 0.02
    }
  ],
  "comms": {
    "earth_delay_min": 16.31029831902761,
    "window_open": false,
    "bandwidth_kbps": 51
  },
  "terrain": {
    "regolith_hardness": 0.7667450338608115,
    "water_ice_depth_m": 1.6077498985367076,
    "surface_radiation_usv": 0.4891644163943777
  },
  "frame_echo": {
    "prev_sol": 833,
    "global_dust_trend": "stable",
    "solar_efficiency_trend": "stable",
    "v14_gcm_data": {
      "seasonal_pressure": 740.6890946078247,
      "orbital_position": {
        "solar_longitude": 88.78923766816143,
        "is_perihelion_season": false,
        "distance_factor": 1.0985172278041972,
        "solar_flux_multiplier": 0.9229054831948178
      },
      "atmospheric_density": 0.01876491581052323,
      "dust_storm_active": false,
      "uv_flux_factor": 11.074865798337814
    }
  }
}