{
  "sol": 809,
  "utc": "2025-09-39T06:00:00Z",
  "mars": {
    "ls": 75.33632286995515,
    "season": "Northern Summer",
    "temp_k": 220.68709697153304,
    "temp_c": -52.46290302846694,
    "pressure_pa": 758,
    "solar_wm2": 438,
    "dust_tau": 0.3,
    "wind_ms": 14.945699323361355,
    "lmst": 12.698744282379288
  },
  "events": [],
  "hazards": [
    {
      "type": "orbital_solar_variation",
      "flux_variation": 0.9200465533030454,
      "cooling_power_factor": 25,
      "heating_power_factor": 20,
      "thermal_degradation": 0.01
    },
    {
      "type": "uv_material_degradation",
      "uv_intensity": 11.040558639636545,
      "damage_threshold": 0.05,
      "seal_failure_rate": 0.1,
      "cover_degradation": 0.05,
      "brittleness_factor": 0.03
    },
    {
      "type": "atmospheric_density_effects",
      "density_factor": 1.212426263784959,
      "contamination_rate": 0.008,
      "cooling_efficiency_loss": 0.02
    }
  ],
  "comms": {
    "earth_delay_min": 23.421567552272364,
    "window_open": false,
    "bandwidth_kbps": 16
  },
  "terrain": {
    "regolith_hardness": 0.7360566820513037,
    "water_ice_depth_m": 1.2291034859673733,
    "surface_radiation_usv": 1.096309605116198
  },
  "frame_echo": {
    "prev_sol": 808,
    "global_dust_trend": "stable",
    "solar_efficiency_trend": "stable",
    "v14_gcm_data": {
      "seasonal_pressure": 758.230889787585,
      "orbital_position": {
        "solar_longitude": 75.33632286995515,
        "is_perihelion_season": true,
        "distance_factor": 1.1027525613035802,
        "solar_flux_multiplier": 0.9200465533030454
      },
      "atmospheric_density": 0.018186393956774384,
      "dust_storm_active": false,
      "uv_flux_factor": 11.040558639636545
    }
  }
}