{
  "sol": 844,
  "utc": "2025-11-14T00:00:00Z",
  "mars": {
    "ls": 94.17040358744394,
    "season": "Northern Summer",
    "temp_k": 227.55094619170674,
    "temp_c": -45.599053808293235,
    "pressure_pa": 733,
    "solar_wm2": 385,
    "dust_tau": 0.3,
    "wind_ms": 7.0005787752553275,
    "lmst": 20.804432534283123
  },
  "events": [],
  "hazards": [
    {
      "type": "orbital_solar_variation",
      "flux_variation": 0.9250156777726859,
      "cooling_power_factor": 25,
      "heating_power_factor": 20,
      "thermal_degradation": 0.01
    },
    {
      "type": "uv_material_degradation",
      "uv_intensity": 11.10018813327223,
      "damage_threshold": 0.05,
      "seal_failure_rate": 0.1,
      "cover_degradation": 0.05,
      "brittleness_factor": 0.03
    }
  ],
  "comms": {
    "earth_delay_min": 7.634580530268643,
    "window_open": true,
    "bandwidth_kbps": 36
  },
  "terrain": {
    "regolith_hardness": 0.6423320568422963,
    "water_ice_depth_m": 1.653691609762617,
    "surface_radiation_usv": 0.9851067371046243
  },
  "frame_echo": {
    "prev_sol": 843,
    "global_dust_trend": "stable",
    "solar_efficiency_trend": "stable",
    "v14_gcm_data": {
      "seasonal_pressure": 733.978462311711,
      "orbital_position": {
        "solar_longitude": 94.17040358744394,
        "is_perihelion_season": false,
        "distance_factor": 1.0954222168756425,
        "solar_flux_multiplier": 0.9250156777726859
      },
      "atmospheric_density": 0.01707366412401938,
      "dust_storm_active": false,
      "uv_flux_factor": 11.10018813327223
    }
  }
}