{
  "sol": 804,
  "utc": "2025-09-34T00:00:00Z",
  "mars": {
    "ls": 72.6457399103139,
    "season": "Northern Summer",
    "temp_k": 225.88000027776377,
    "temp_c": -47.26999972223621,
    "pressure_pa": 761,
    "solar_wm2": 481,
    "dust_tau": 0.3,
    "wind_ms": 13.063896604350882,
    "lmst": 13.856451486162289
  },
  "events": [],
  "hazards": [
    {
      "type": "orbital_solar_variation",
      "flux_variation": 0.9198916684556462,
      "cooling_power_factor": 25,
      "heating_power_factor": 20,
      "thermal_degradation": 0.01
    },
    {
      "type": "uv_material_degradation",
      "uv_intensity": 11.038700021467754,
      "damage_threshold": 0.05,
      "seal_failure_rate": 0.1,
      "cover_degradation": 0.05,
      "brittleness_factor": 0.03
    }
  ],
  "comms": {
    "earth_delay_min": 18.091436724298468,
    "window_open": true,
    "bandwidth_kbps": 30
  },
  "terrain": {
    "regolith_hardness": 0.7546136681577384,
    "water_ice_depth_m": 2.9704430413215155,
    "surface_radiation_usv": 1.069785948913632
  },
  "frame_echo": {
    "prev_sol": 803,
    "global_dust_trend": "stable",
    "solar_efficiency_trend": "stable",
    "v14_gcm_data": {
      "seasonal_pressure": 761.8086921908481,
      "orbital_position": {
        "solar_longitude": 72.6457399103139,
        "is_perihelion_season": true,
        "distance_factor": 1.1029834150923177,
        "solar_flux_multiplier": 0.9198916684556462
      },
      "atmospheric_density": 0.01785213683970426,
      "dust_storm_active": false,
      "uv_flux_factor": 11.038700021467754
    }
  }
}